{"cameraMode":{"drawMode":0,"name":"Shaded","section":"Shading Mode"},"sceneLighting":true,"audioPlay":false,"sceneViewState":{"m_AlwaysRefresh":false,"showFog":true,"showSkybox":true,"showFlares":true,"showImageEffects":true,"showParticleSystems":true,"showVisualEffectGraphs":true,"m_FxEnabled":true},"in2DMode":false,"pivot":{"x":4.444688320159912,"y":2.9947712421417238,"z":1.779172420501709},"rotation":{"x":0.11557622998952866,"y":-0.5169298052787781,"z":0.07069821655750275,"w":0.8451690673828125},"size":0.7398134469985962,"orthographic":false}