{"cameraMode":{"drawMode":0,"name":"Shaded","section":"Shading Mode"},"sceneLighting":true,"audioPlay":false,"sceneViewState":{"m_AlwaysRefresh":false,"showFog":true,"showSkybox":true,"showFlares":true,"showImageEffects":true,"showParticleSystems":true,"showVisualEffectGraphs":true,"m_FxEnabled":true},"in2DMode":false,"pivot":{"x":-0.5203962326049805,"y":0.32235050201416018,"z":1.6207945346832276},"rotation":{"x":0.17508307099342347,"y":-0.7465490698814392,"z":0.21591639518737794,"w":0.6043707132339478},"size":5.724745750427246,"orthographic":false}