{"cameraMode":{"drawMode":0,"name":"Shaded","section":"Shading Mode"},"sceneLighting":true,"audioPlay":false,"sceneViewState":{"m_AlwaysRefresh":false,"showFog":true,"showSkybox":true,"showFlares":true,"showImageEffects":true,"showParticleSystems":true,"showVisualEffectGraphs":true,"m_FxEnabled":true},"in2DMode":false,"pivot":{"x":35.34252166748047,"y":12.258654594421387,"z":-6.611588954925537},"rotation":{"x":0.07322468608617783,"y":0.9190161228179932,"z":-0.32903507351875307,"w":0.20453475415706635},"size":2.3101019859313967,"orthographic":false}